variable,importancia
BS,0.3523050451089631
SystolicBP,0.1890353217823769
Age,0.16011061850657138
DiastolicBP,0.1281676542872547
HeartRate,0.09947525183943819
BodyTemp,0.07090610847539568
