variable,importancia
BS,0.3545308075817871
SystolicBP,0.18601526930663606
Age,0.15867173493837414
DiastolicBP,0.13001729467786438
HeartRate,0.09923505061524088
BodyTemp,0.07152984288009742
